"ID","NAME","YEAR"
"1637300882812","The Lion King","1994"
"1637300882980","Ivan Vasil'evich menyaet professiyu","1973"
"1637300883028","Interstellar","2014"
"1637300883057","Forrest Gump","1994"
"1637300883093","Coco","2017"
"1637300883159","Star Wars IV: A New Hope","1977"
"1637302811652","The Lion King","1994"
"1637302811714","Ivan Vasil'evich menyaet professiyu","1973"
"1637302811748","Interstellar","2014"
"1637302811791","Forrest Gump","1994"
"1637302811820","Coco","2017"
"1637302811864","Star Wars IV: A New Hope","1977"
